{
  "total_return_pct": 444685218673321.75,
  "annualized_return_pct": 313.939580174082,
  "max_drawdown_pct": -77.17799449876601,
  "sharpe_ratio": 0.9789999509676854,
  "sortino_ratio": 3.915101807105953,
  "calmar_ratio": 4.067734361497324,
  "rebalance_count": 1386,
  "avg_positions_held": 18.13229987972738,
  "worst_month_pct": -23.55933038241236,
  "best_month_pct": 1010.743271624584,
  "win_rate_pct": 50.8,
  "avg_hhi": 0.25325814208047676,
  "benchmark_bluechip": {
    "total_return_pct": 252.19034714902415,
    "annualized_return_pct": 6.332671408415047
  },
  "tokens_fitted": 419,
  "tokens_selected": 21,
  "final_holdings": [
    [
      "EURIUSDT",
      0.15545760277703335
    ],
    [
      "PAXGUSDT",
      0.037434803472671425
    ],
    [
      "PEPEUSDT",
      0.01057145061602655
    ],
    [
      "NEXOUSDT",
      0.010456266639740915
    ],
    [
      "HYPEUSDT",
      0.009553114896830403
    ],
    [
      "WBTCUSDT",
      0.009542205272802043
    ],
    [
      "JSTUSDT",
      0.009386328693599736
    ],
    [
      "TRXUSDT",
      0.008907975886694855
    ],
    [
      "WBETHUSDT",
      0.007750554886489124
    ],
    [
      "SUIUSDT",
      0.007724279180689288
    ],
    [
      "BTCUSDT",
      0.006682309292760127
    ],
    [
      "ETHUSDT",
      0.006333496971188519
    ],
    [
      "BNBUSDT",
      0.005474677178611607
    ],
    [
      "SOLUSDT",
      0.00543536126328626
    ],
    [
      "BARDUSDT",
      0.004582983707391092
    ],
    [
      "XRPUSDT",
      0.004429766306682778
    ],
    [
      "SCRUSDT",
      0.0002664936040471627
    ],
    [
      "EDUUSDT",
      0.0001154732721729212
    ],
    [
      "TAOUSDT",
      0.00008311930935890462
    ],
    [
      "BNSOLUSDT",
      1.4376919529002255e-12
    ],
    [
      "BROCCOLI714USDT",
      4.957985892307974e-13
    ],
    [
      "STXUSDT",
      1.5659275921789662e-17
    ],
    [
      "BARUSDT",
      1.3156278662576041e-17
    ],
    [
      "ENAUSDT",
      3.990430953231284e-18
    ],
    [
      "PUNDIXUSDT",
      9.106454527124764e-19
    ]
  ]
}
